year,length0,length1,length2,length3,length4,length5,length6,length7,length8,length9,length10,length11,length12,length13,length14,length15,length16,length17,length18,length19,length20,length21,length22,length23,length24,length25,length26,length27,length28,length29,length30,length31,length32,length33,length34,length35,length36,length37,length38,length39,length40,length41,length42,length43,length44,length45,length46,length47,length48,length49,length50,length51,length52,length53,length54,length55,length56,length57,length58,length59,length60,length61,length62,length63,length64,length65,length66,length67,length68,length69,length70,length71,length72,length73,length74,length75,length76,length77,length78,length79,length80,length81,length82,length83,length84,length85,length86,length87,length88,length89,length90,length91,length92,length93,length94,length95,length96,length97,length98,length99
1960,108,114,117,117,119,121,121,124,125,126,126,127,128,128,128,130,134,135,136,136,137,137,137,140,141,143,143,143,143,143,143,145,145,145,145,146,146,147,147,148,148,150,150,151,151,152,152,152,153,153,154,155,155,155,156,156,156,157,157,157,157,158,158,159,159,160,160,160,161,161,162,162,162,162,162,163,164,164,164,164,167,167,169,170,172,175,175,181,184,184,184,189,191,197,200,203,206,219,235,279
1961,104,115,115,118,118,119,122,122,122,124,125,125,125,127,128,129,130,130,131,131,132,134,134,134,135,137,137,137,137,138,138,138,138,139,140,140,141,141,142,142,142,142,143,143,145,146,146,146,148,149,150,150,150,151,151,151,152,152,154,156,157,157,157,158,159,159,162,162,166,167,167,167,167,168,169,169,169,170,172,173,174,174,175,175,175,177,183,185,186,187,192,196,197,201,205,212,227,304,324
1962,82,104,110,115,117,119,120,122,124,125,127,128,129,131,132,132,135,136,136,137,139,139,140,140,140,141,141,141,141,142,143,143,144,145,147,147,148,148,149,149,149,150,150,151,151,151,152,152,152,153,155,155,155,155,158,159,160,160,160,161,161,161,161,162,163,164,164,167,167,167,169,171,171,172,173,174,174,174,175,175,176,176,179,180,180,181,181,182,182,183,184,189,190,191,234,252,253,355
1963,112,119,120,122,123,125,127,127,128,128,129,129,129,130,132,133,133,133,133,134,136,136,136,137,137,138,139,141,141,142,145,146,147,147,148,148,149,150,152,152,152,153,153,153,154,154,154,154,155,155,155,155,155,156,157,157,158,159,159,160,162,162,162,162,162,162,164,164,165,166,167,167,167,169,171,173,177,177,178,178,180,181,187,188,189,189,191,192,194,195,205,208,209,220
1964,102,113,116,118,118,119,120,120,124,127,131,131,133,133,135,135,136,136,138,139,141,142,142,142,143,143,146,146,147,147,148,149,150,151,151,151,152,152,153,154,155,155,157,158,159,160,161,161,161,161,161,163,164,164,165,165,167,167,167,167,168,169,169,170,170,170,171,172,172,173,173,174,174,175,176,176,178,183,188,194,221,226,229
1965,98,103,108,113,116,118,119,119,120,125,125,127,128,129,130,131,131,133,136,137,140,140,140,141,142,143,143,144,145,148,149,149,149,149,150,150,151,154,155,156,157,158,159,159,160,163,163,164,165,166,167,167,168,169,169,170,170,172,173,176,176,176,178,178,181,182,182,184,185,186,189,191,192,192,192,194,198,199,199,203,209,212,217,223,229,234,241,277,368
1966,110,113,121,122,131,131,134,137,138,139,139,140,142,142,142,144,144,147,147,148,148,149,150,151,152,152,154,157,157,158,158,158,159,161,161,161,161,162,162,163,163,163,164,165,166,167,168,168,169,171,171,171,171,172,173,173,173,175,177,177,177,178,178,179,179,181,181,181,182,184,184,186,187,192,193,194,200,202,202,203,207,217,219,234,249,260,265,269,276
1967,31,49,114,123,127,132,133,137,138,140,141,142,142,143,144,144,146,149,150,150,151,152,155,155,156,156,157,160,161,162,162,163,163,164,164,165,166,167,167,169,170,170,171,171,172,172,173,173,173,174,175,177,178,179,179,179,181,182,182,183,183,183,183,185,186,187,188,188,189,190,193,195,200,201,204,206,207,239,240,244,251,251,262,283,663
1968,125,130,132,135,136,137,139,142,143,144,145,146,146,150,151,153,153,154,154,156,157,158,158,161,162,162,162,163,164,164,165,166,168,169,170,170,173,174,175,175,176,176,177,178,179,179,179,180,181,184,185,185,186,188,190,191,192,193,193,193,194,197,198,201,202,203,209,211,216,227,230,234,237,239,245,250,262,269,274,295,301,342,451,453,661
1969,123,135,135,139,139,142,143,143,149,149,150,153,154,160,162,163,163,163,163,163,165,166,167,167,168,170,170,171,171,172,172,172,172,173,174,176,177,178,183,184,184,186,186,187,188,191,192,193,193,193,194,194,195,196,196,198,198,200,203,204,208,208,208,210,212,217,218,219,222,223,227,229,237,243,246,250,254,258,269,288,294,301,305,330,341
1970,131,133,150,152,152,153,158,160,160,161,166,166,166,166,167,170,171,172,172,172,173,173,175,176,176,177,179,180,180,180,181,183,184,184,185,186,191,193,193,194,194,195,196,196,199,203,203,208,211,211,213,215,218,219,220,221,221,222,223,224,224,227,227,228,233,233,234,236,238,239,245,248,250,251,253,253,258,266,272,280,287,290,292,306,307,323,332,346
1971,123,139,140,147,149,150,152,152,153,153,153,156,158,159,163,165,166,167,169,169,171,171,172,173,173,173,173,174,174,174,175,176,177,179,180,182,182,183,188,188,188,190,190,193,196,197,198,198,199,199,200,200,201,205,206,207,208,210,213,217,219,221,225,226,227,228,228,228,233,234,236,238,244,246,260,269,270,276,280,294,296,297,307,317,330,431
1972,128,133,134,136,138,143,148,151,151,151,152,161,163,163,163,164,164,165,166,168,168,168,168,174,176,176,179,179,179,182,182,183,184,184,185,186,187,187,189,189,193,194,195,195,195,196,196,197,197,198,198,199,202,203,205,205,206,210,216,221,221,222,224,226,226,229,230,231,241,243,248,249,251,253,257,257,262,264,264,268,273,275,280,288,290,299,309,326,401,418,426,510
1973,92,139,145,152,159,164,164,165,165,166,167,167,171,172,172,174,174,176,178,180,182,182,184,184,187,188,190,191,191,194,194,198,200,201,201,202,205,205,206,206,207,208,212,213,214,216,217,221,223,223,224,227,231,231,234,234,235,236,237,240,241,245,245,246,250,252,254,254,258,258,261,261,268,275,277,277,278,284,286,286,290,291,292,322,338,356,373,402,426,564,617
1974,61,127,141,148,150,153,154,156,157,161,162,164,165,167,168,170,173,173,173,177,178,178,179,180,184,184,186,191,192,193,194,196,197,198,199,200,200,201,202,205,205,205,206,207,207,207,208,208,209,209,210,210,211,211,212,213,215,216,217,218,219,224,225,225,228,231,235,236,239,239,239,244,246,246,246,251,253,263,265,269,272,285,290,292,299,300,301,312,312,321,332,337,344,385,419,446
1975,124,139,147,152,153,170,172,173,173,177,178,178,179,180,180,181,183,184,184,189,192,192,194,194,195,196,197,198,198,199,199,202,202,202,203,203,203,204,205,206,207,208,209,209,209,209,212,213,214,218,219,222,223,225,227,227,229,229,230,230,235,235,235,236,238,239,240,240,243,245,248,248,251,252,254,264,265,276,279,279,280,292,296,297,299,310,312,324,325,346,356,358,404,407,661
1976,88,90,159,167,169,169,171,173,173,174,175,178,179,181,182,184,187,187,192,192,194,194,194,195,196,196,198,204,204,205,206,207,208,208,208,210,212,213,213,214,216,217,221,223,224,227,228,228,229,230,232,233,233,234,235,241,242,243,246,250,251,252,253,259,263,265,266,268,269,269,273,275,280,283,287,288,291,297,309,313,316,317,332,346,354,355,389,393,393,395,469,553,1011
1977,98,134,140,145,154,158,160,165,167,172,174,176,180,182,184,189,189,189,196,198,199,201,205,205,206,206,207,208,208,210,211,212,216,216,216,216,217,218,218,218,219,219,220,220,221,221,221,225,225,226,229,230,233,233,234,234,236,241,242,242,243,243,247,247,248,248,250,250,251,252,253,255,259,261,261,261,264,282,283,286,287,288,297,298,302,304,323,335,339,344,345,390,401,401,402
1978,92,120,146,164,165,170,173,174,177,179,183,184,184,184,185,188,189,192,194,195,195,200,204,206,206,207,208,208,209,209,209,210,211,211,211,211,212,214,215,215,216,216,218,219,222,222,227,227,228,228,230,232,232,234,235,237,238,240,243,243,245,245,246,246,249,251,251,253,265,267,269,270,270,274,281,284,285,287,289,289,291,295,298,308,320,321,324,331,334,345,361,363,454,484,501,563,576
1979,165,166,170,172,175,180,180,180,182,183,187,189,189,190,192,194,196,198,198,198,202,205,205,206,208,210,211,211,215,216,216,217,218,219,219,222,225,226,228,229,229,232,233,234,235,235,235,236,236,237,238,240,241,242,245,245,246,247,251,252,252,253,254,254,260,260,261,270,270,271,278,282,283,283,285,292,294,294,295,295,296,297,299,305,315,329,332,347,349,363,380,401,408,415,501
1980,75,78,92,139,149,150,155,162,162,163,166,177,177,178,180,185,189,192,194,195,198,198,201,202,206,207,208,209,211,211,212,215,217,217,218,219,219,220,220,220,221,223,224,226,226,227,227,228,229,230,231,231,232,232,233,234,235,235,236,236,237,238,241,241,242,242,243,245,248,249,249,253,254,254,255,261,265,266,269,272,272,275,276,277,280,281,285,295,301,307,308,335,351,372,379,419,478,536
1981,46,160,169,171,179,181,182,184,186,186,187,193,193,193,193,196,196,198,198,200,201,202,207,208,208,208,215,216,216,217,217,218,219,219,219,220,222,222,223,223,226,227,228,229,232,233,233,236,236,236,238,240,240,241,242,242,242,243,244,245,247,247,247,249,250,254,255,255,256,258,263,264,264,264,270,270,273,274,278,278,279,279,289,295,295,300,307,318,319,319,330,331,337,360,441
1982,138,146,154,157,165,169,169,172,174,175,175,178,180,180,189,196,196,197,197,198,199,202,203,207,208,208,208,208,211,213,213,216,216,216,217,219,219,219,220,220,220,220,221,222,224,224,225,226,227,228,233,233,233,234,234,235,235,237,238,238,239,243,245,245,246,246,248,249,252,254,256,258,259,259,260,261,262,270,270,275,276,277,290,290,300,304,304,306,308,308,310,311,316,328,329,338,360,382
1983,142,156,176,183,193,194,201,203,203,204,205,207,210,210,210,211,211,211,212,218,218,219,219,221,222,222,223,223,224,225,227,229,230,230,231,232,233,234,234,236,236,238,238,239,239,241,242,245,245,246,246,247,249,250,252,253,254,254,255,256,257,258,258,261,263,263,267,267,272,273,275,283,286,287,287,290,293,293,293,296,296,296,297,300,319,320,324,324,328,331,334,337,339,342,354,363,389,475,611
1984,30,150,158,179,181,181,191,195,205,205,207,208,208,210,213,214,217,218,218,221,221,222,224,227,227,227,228,229,232,232,232,234,236,238,238,238,239,240,242,242,243,244,244,245,245,245,246,246,246,247,249,249,251,253,254,257,257,257,258,259,261,262,263,264,265,268,268,272,275,277,278,279,281,284,284,287,297,298,299,300,303,313,314,315,318,321,321,331,348,355,357,357,365,376,388,477
1985,117,146,161,169,181,184,191,206,213,213,213,214,217,222,222,225,225,225,225,225,227,228,228,229,229,231,231,232,233,233,233,234,235,236,237,239,240,240,241,242,242,243,243,244,244,246,248,249,249,249,249,251,252,253,255,256,257,257,257,260,261,262,263,263,263,269,272,276,277,279,283,284,287,287,287,288,289,290,296,297,300,302,302,302,303,303,308,310,310,323,331,332,344,348,353,382,430,505
1986,30,167,186,199,207,210,211,213,216,217,218,218,219,220,223,223,225,225,225,226,229,229,230,230,234,235,235,237,238,238,240,241,242,243,244,244,244,246,246,248,249,250,251,252,252,253,253,253,253,254,256,256,257,257,257,258,258,258,263,264,267,268,269,270,270,271,273,273,276,281,283,284,286,286,288,291,293,295,304,312,313,319,321,325,331,332,334,341,343,349,351,353,359,362,363,371,372
1987,171,173,174,175,193,206,207,207,208,213,216,217,217,217,218,218,219,220,221,221,222,222,222,223,225,227,227,228,228,230,231,234,234,237,237,238,238,238,239,240,240,241,242,244,245,245,247,249,249,252,252,254,254,255,255,257,257,259,259,263,264,265,265,268,271,278,280,281,285,286,287,287,288,290,293,293,295,296,303,304,307,307,308,308,309,317,318,324,329,336,349,354,375,392
1988,167,174,179,181,182,183,185,187,195,200,202,203,204,206,209,210,211,213,215,219,219,220,221,221,223,224,229,230,231,233,236,237,237,239,243,246,246,247,248,248,248,249,250,250,250,252,254,254,257,258,259,262,265,266,266,268,269,270,270,274,274,274,275,275,275,277,279,280,283,284,285,287,289,289,292,293,294,296,296,296,298,301,309,311,313,313,317,319,321,323,336,336,347,349,356,405,418
1989,169,189,195,201,201,204,205,209,209,213,215,215,219,225,228,228,229,229,231,232,232,233,235,235,236,237,237,238,240,241,243,243,244,244,244,245,246,247,247,248,249,250,251,252,253,255,255,256,256,257,260,262,263,263,264,266,267,271,272,275,278,279,282,283,290,290,292,293,293,293,295,303,304,304,308,316,317,322,324,324,325,326,327,328,330,335,339,340,341,347,347,356,359,362,374,374,407
1990,195,200,209,210,213,216,217,217,221,225,225,227,227,228,228,230,231,233,234,236,236,238,242,242,242,245,247,247,248,251,252,254,255,255,256,257,257,257,258,258,259,259,260,262,262,263,265,267,269,273,275,277,277,278,279,279,280,281,281,283,284,284,285,286,288,289,291,295,295,301,307,307,311,312,314,315,317,318,319,321,322,322,324,327,327,327,329,330,331,333,336,339,340,389,404,444
1991,182,186,189,195,209,210,210,218,222,224,226,227,228,228,228,228,230,230,232,235,236,238,239,240,241,242,242,243,243,244,245,246,246,246,247,248,248,248,251,251,253,255,255,256,257,260,261,261,263,266,268,268,268,268,271,271,271,272,273,274,276,277,282,283,285,285,286,289,290,290,291,291,292,293,294,294,299,300,303,305,312,314,321,323,327,337,347,348,350,350,357,360,360,389,390,393
1992,162,170,185,195,196,201,204,204,208,208,210,212,216,218,219,219,224,227,231,234,236,237,237,238,238,238,238,239,240,240,241,243,243,243,244,245,245,248,249,250,255,256,258,260,261,263,263,264,264,266,266,267,270,271,271,273,275,275,276,276,277,279,281,281,282,285,285,288,292,296,296,298,299,300,301,304,307,308,310,311,319,320,321,322,323,328,333,335,340,349,350,353,355,369,372,399,412,538
1993,170,185,189,192,202,203,204,205,210,211,213,219,220,221,222,225,226,226,228,230,230,230,230,231,234,234,235,238,239,240,241,242,242,243,244,245,246,246,247,247,249,249,249,250,253,254,255,255,257,257,257,258,260,261,261,262,263,264,267,268,270,270,271,271,272,274,276,277,277,279,283,284,284,285,289,291,292,292,295,296,297,300,302,302,308,309,311,312,324,353,369,374,381,383,391,395
1994,107,138,168,181,183,185,187,191,195,197,203,204,206,210,212,212,212,218,221,222,223,228,228,228,231,233,233,234,235,236,236,237,240,240,241,243,244,245,247,248,248,248,249,249,252,252,255,255,257,257,258,258,258,259,260,265,266,267,267,271,271,271,271,271,273,273,273,278,285,287,287,290,291,295,296,296,300,301,308,309,317,317,319,322,330,334,335,338,338,340,341,341,353,354,357,383
1995,132,164,184,187,189,190,192,192,193,198,200,211,212,214,224,226,226,232,234,235,239,239,240,240,240,242,243,243,245,245,245,248,249,249,250,253,253,253,253,253,254,257,257,258,258,259,259,260,261,264,264,266,266,267,267,268,271,271,273,273,274,277,278,278,278,279,279,280,281,282,285,285,288,288,290,293,295,295,295,296,297,301,303,304,304,305,306,306,306,308,313,321,325,330,344,353,359,359,367,379
1996,161,192,195,201,201,205,205,206,209,214,219,226,226,229,231,232,233,234,234,239,239,239,239,240,241,241,241,242,243,244,250,252,252,253,254,255,256,256,257,257,258,258,258,258,258,259,259,262,262,262,264,266,267,267,268,268,269,270,270,270,270,271,271,272,272,274,274,278,281,281,282,285,286,287,289,289,290,291,291,292,293,293,294,294,303,306,307,317,324,326,327,330,330,346,377,380,456,512
1997,169,171,179,180,195,196,199,205,210,211,212,218,219,220,221,222,225,227,230,230,231,231,231,232,234,234,236,237,238,239,239,241,246,247,247,247,249,250,250,251,252,253,253,254,255,256,257,259,259,262,262,264,264,264,265,265,266,266,267,267,268,269,269,269,270,270,270,272,272,274,279,279,282,283,285,285,291,292,293,293,293,294,296,297,297,299,300,301,301,308,308,309,320,327,332,341,456
1998,148,150,170,172,173,189,190,195,199,201,203,205,210,212,212,212,214,218,220,221,221,221,225,226,229,230,231,232,235,235,236,240,241,241,243,244,245,245,247,247,247,248,248,250,253,253,253,253,254,256,256,257,258,259,260,263,264,265,265,266,268,269,270,270,271,272,274,277,282,284,285,293,293,296,296,297,298,298,302,308,308,315,317,319,321,326,329,341,343,358,367,368,372,387
1999,152,153,167,187,195,197,199,200,209,210,211,213,213,213,213,213,216,216,217,218,218,219,219,219,220,222,222,223,226,226,232,232,232,233,234,234,236,236,237,239,239,239,240,242,242,245,245,246,246,249,250,254,254,258,260,261,262,263,266,269,273,273,273,274,276,276,277,277,278,278,280,287,289,290,290,290,292,294,295,296,297,298,300,305,311,318,324,325,326,327,329,331,340,604
2000,30,84,162,167,182,187,191,192,194,196,199,200,200,202,203,203,203,205,206,208,210,210,211,211,215,218,219,219,220,222,223,224,225,227,227,228,232,234,234,234,235,237,237,238,239,240,240,240,241,242,242,244,245,245,247,248,248,248,249,250,253,254,255,255,255,255,256,256,257,261,261,261,262,263,263,271,274,274,275,275,277,280,282,282,283,283,284,287,292,295,299,300,311,316,327,346,348,362,386
2001,176,176,184,187,189,191,196,201,202,203,206,207,207,208,210,211,212,214,214,215,216,216,217,218,219,219,220,220,221,221,222,223,224,225,226,227,228,228,230,231,232,233,234,234,236,237,237,238,239,240,240,240,241,243,246,246,248,249,250,251,251,253,253,254,254,255,255,256,259,262,263,263,264,264,265,265,265,266,266,267,269,274,275,276,277,278,278,284,285,285,285,292,294,299,301,319,347,358
2002,94,137,167,168,171,172,187,189,193,197,198,199,200,202,206,207,207,208,209,209,210,210,212,214,214,215,217,221,221,222,224,224,225,227,227,228,229,230,231,231,232,232,234,236,236,236,237,238,238,239,239,241,243,244,246,247,247,247,249,255,263,263,263,264,264,264,265,265,265,265,266,268,270,270,271,275,276,276,278,279,280,281,283,284,285,291,293,294,294,298,299,303,304,305,319,323,340
2003,183,186,188,199,202,206,209,209,210,211,212,212,212,213,213,215,216,218,219,219,219,220,221,223,223,223,224,225,228,228,228,228,229,229,230,233,234,234,235,235,237,239,239,239,241,242,242,242,242,243,244,244,246,247,247,249,250,254,254,254,254,254,255,255,257,257,257,260,260,262,262,263,264,266,268,273,279,281,283,287,294,294,296,303,304,307,314,334,334,341,342,350,351
2004,160,184,186,187,191,194,195,196,198,200,202,202,206,207,208,211,211,211,212,213,213,215,216,217,221,221,222,223,223,224,226,226,227,227,229,229,229,229,230,232,232,233,234,234,234,235,237,237,237,239,240,241,242,243,243,244,244,245,247,248,248,249,252,253,255,257,257,259,261,261,262,263,267,268,268,270,277,281,282,290,291,293,294,295,303,314,331,334,336,342,363,366,369
2005,149,175,178,189,189,193,195,195,196,197,200,201,202,202,202,204,206,206,208,209,211,212,214,214,214,214,217,218,218,219,219,219,220,221,222,224,224,225,226,227,228,229,230,232,232,232,233,233,234,236,236,237,237,237,237,237,238,238,239,239,240,241,243,244,245,246,246,248,249,250,251,251,252,253,253,254,255,255,256,257,260,260,262,266,266,268,271,275,280,281,284,285,288,294,301,304,327,330,331
2006,152,170,175,178,181,187,189,192,193,194,196,196,197,201,202,203,207,207,207,208,209,209,209,212,212,213,213,214,215,215,216,216,217,218,218,218,218,220,220,220,221,222,223,224,225,226,226,227,227,228,228,229,230,233,233,233,234,234,235,235,235,236,237,239,239,239,240,241,242,242,244,246,247,250,251,252,255,257,258,260,261,261,271,272,272,272,273,277,278,280,281,281,284,284,289,298,302,336,381
2007,108,150,153,166,170,176,177,182,184,194,196,197,198,198,201,202,207,207,208,208,208,208,210,212,212,212,213,214,215,216,216,216,217,217,221,222,223,224,231,233,233,233,234,235,238,238,239,239,240,240,241,242,242,242,242,243,245,246,246,246,247,248,248,249,251,252,252,254,254,255,255,256,256,256,256,260,261,261,266,268,268,271,272,272,273,278,280,284,292,293,293,310,312,312,321,334,387,445,504
2008,175,179,179,182,183,184,188,190,191,194,197,202,203,203,204,205,205,205,206,207,208,212,212,213,215,216,217,219,221,221,221,221,221,222,222,223,223,223,224,224,224,225,227,228,228,229,230,230,230,231,231,232,233,234,234,235,236,239,240,240,240,241,242,242,243,243,244,244,244,246,246,246,246,248,248,249,249,250,251,251,254,254,255,258,261,263,264,266,267,268,268,270,273,277,288,289,295,325,338
2009,106,182,187,188,190,192,193,195,197,199,200,202,204,205,206,207,208,208,208,208,211,211,212,213,215,216,216,216,216,216,219,221,221,221,222,222,223,224,224,226,226,227,227,228,229,230,231,231,231,231,232,234,235,235,236,236,238,238,239,239,239,240,241,242,242,243,243,244,244,248,248,248,250,251,252,253,253,255,255,256,256,258,270,270,273,276,281,283,284,285,289,299,312,314,316,317,320,326,338,358
2010,30,91,144,172,176,176,177,180,181,182,184,186,187,192,194,196,196,198,199,199,199,201,202,202,202,206,207,207,208,208,208,209,209,210,212,212,214,214,215,216,216,216,218,220,220,221,221,222,223,223,224,224,225,225,227,228,228,231,231,231,232,232,233,234,236,236,237,237,238,240,242,243,244,245,248,249,251,253,255,256,261,262,265,265,269,270,270,274,275,276,276,281,281,284,284,291,295,354,358
2011,57,169,187,190,195,196,199,200,201,201,202,202,204,204,207,207,208,209,210,210,211,211,212,212,213,216,216,216,218,219,220,220,220,221,221,221,222,222,222,223,223,224,225,227,227,228,228,228,228,228,228,228,229,229,229,230,230,230,231,232,232,236,236,236,237,237,238,240,240,241,246,246,249,249,250,253,253,253,256,256,260,262,262,267,271,272,272,274,279,280,281,284,297,300,307,308,310,321,354
2012,163,170,177,182,187,189,189,190,190,192,196,198,199,200,200,202,205,205,206,206,206,208,209,210,211,212,212,213,213,213,214,215,215,215,216,216,217,217,218,219,219,219,220,220,220,221,221,221,221,222,222,223,223,223,225,225,226,226,227,227,227,227,228,228,229,230,231,231,231,232,233,233,234,238,238,238,239,239,240,241,243,243,245,246,247,247,249,250,252,257,257,264,271,277,278,279,284,286,288,346
2013,30,31,31,90,90,125,151,161,174,174,175,179,180,185,186,186,187,189,189,190,190,193,193,194,196,200,202,202,207,207,210,210,210,211,211,212,212,214,215,216,220,221,221,221,223,223,224,225,227,227,227,228,228,229,231,232,232,234,234,235,235,237,238,239,241,242,243,245,249,249,249,252,255,256,259,260,266,267,268,269,269,269,272,274,276,276,277,278,282,290,299,318,338,338,369,416,484
